[{"id":1,"username":"wmaffioni0","date":"23/10/2022","amount":1475,"paymentS":false,"orderS":false,"riderA":true},
{"id":2,"username":"sthayre1","date":"20/04/2022","amount":1941,"paymentS":false,"orderS":true,"riderA":false},
{"id":3,"username":"kkelley2","date":"29/06/2022","amount":1018,"paymentS":true,"orderS":true,"riderA":true},
{"id":4,"username":"ideener3","date":"11/07/2022","amount":1185,"paymentS":false,"orderS":false,"riderA":false},
{"id":5,"username":"volney4","date":"27/11/2022","amount":1757,"paymentS":true,"orderS":false,"riderA":false},
{"id":6,"username":"nmcmennum5","date":"04/12/2022","amount":1217,"paymentS":true,"orderS":false,"riderA":false},
{"id":7,"username":"wsummerrell6","date":"09/02/2023","amount":1331,"paymentS":true,"orderS":true,"riderA":false},
{"id":8,"username":"eculleford7","date":"01/08/2022","amount":1010,"paymentS":false,"orderS":true,"riderA":true},
{"id":9,"username":"nmathiot8","date":"27/08/2022","amount":1375,"paymentS":true,"orderS":false,"riderA":false},
{"id":10,"username":"ndewitt9","date":"06/09/2022","amount":1561,"paymentS":false,"orderS":true,"riderA":false},
{"id":11,"username":"eclaceya","date":"23/05/2022","amount":1620,"paymentS":true,"orderS":true,"riderA":true},
{"id":12,"username":"tbransomb","date":"22/08/2022","amount":1059,"paymentS":false,"orderS":false,"riderA":false},
{"id":13,"username":"bdellentyc","date":"05/01/2023","amount":1323,"paymentS":false,"orderS":false,"riderA":false},
{"id":14,"username":"lraould","date":"07/02/2023","amount":1870,"paymentS":true,"orderS":true,"riderA":false},
{"id":15,"username":"hsweede","date":"04/03/2022","amount":1918,"paymentS":false,"orderS":true,"riderA":true},
{"id":16,"username":"dnewcombef","date":"10/02/2023","amount":1422,"paymentS":false,"orderS":true,"riderA":true},
{"id":17,"username":"bhansong","date":"02/02/2023","amount":1489,"paymentS":false,"orderS":true,"riderA":true},
{"id":18,"username":"cdeclercqh","date":"17/06/2022","amount":1735,"paymentS":false,"orderS":false,"riderA":true},
{"id":19,"username":"mmoreinisi","date":"03/06/2022","amount":1052,"paymentS":false,"orderS":true,"riderA":false},
{"id":20,"username":"gdurtnallj","date":"24/08/2022","amount":1228,"paymentS":true,"orderS":true,"riderA":false},
{"id":21,"username":"tjaggk","date":"11/01/2023","amount":1220,"paymentS":false,"orderS":false,"riderA":true},
{"id":22,"username":"ykellegherl","date":"31/08/2022","amount":1848,"paymentS":true,"orderS":false,"riderA":true},
{"id":23,"username":"jcheerm","date":"12/02/2023","amount":1066,"paymentS":false,"orderS":false,"riderA":true},
{"id":24,"username":"acorhardn","date":"23/10/2022","amount":1495,"paymentS":true,"orderS":true,"riderA":true},
{"id":25,"username":"rmardello","date":"05/03/2022","amount":1809,"paymentS":false,"orderS":true,"riderA":true},
{"id":26,"username":"mkeavyp","date":"08/01/2023","amount":1652,"paymentS":false,"orderS":true,"riderA":false},
{"id":27,"username":"rgravieq","date":"11/08/2022","amount":1567,"paymentS":true,"orderS":true,"riderA":true},
{"id":28,"username":"tredingtonr","date":"11/03/2022","amount":1869,"paymentS":false,"orderS":false,"riderA":false},
{"id":29,"username":"amcelwees","date":"27/04/2022","amount":1439,"paymentS":true,"orderS":true,"riderA":false},
{"id":30,"username":"pwolseleyt","date":"26/09/2022","amount":1652,"paymentS":true,"orderS":true,"riderA":true},
{"id":31,"username":"epepineauxu","date":"11/11/2022","amount":1907,"paymentS":true,"orderS":false,"riderA":true},
{"id":32,"username":"epatisev","date":"01/10/2022","amount":1170,"paymentS":true,"orderS":true,"riderA":true},
{"id":33,"username":"mdavidaiw","date":"06/11/2022","amount":1749,"paymentS":false,"orderS":false,"riderA":false},
{"id":34,"username":"ekestonx","date":"16/05/2022","amount":1543,"paymentS":true,"orderS":true,"riderA":true},
{"id":35,"username":"cashnessy","date":"02/05/2022","amount":1831,"paymentS":false,"orderS":false,"riderA":true},
{"id":36,"username":"jdominkaz","date":"25/08/2022","amount":1368,"paymentS":false,"orderS":false,"riderA":false},
{"id":37,"username":"bbaudacci10","date":"30/05/2022","amount":1051,"paymentS":false,"orderS":false,"riderA":true},
{"id":38,"username":"klancley11","date":"10/12/2022","amount":1441,"paymentS":true,"orderS":false,"riderA":true},
{"id":39,"username":"fbain12","date":"30/08/2022","amount":1427,"paymentS":true,"orderS":true,"riderA":false},
{"id":40,"username":"gmochan13","date":"06/07/2022","amount":1465,"paymentS":true,"orderS":false,"riderA":false},
{"id":41,"username":"uolesen14","date":"10/05/2022","amount":1026,"paymentS":true,"orderS":true,"riderA":true},
{"id":42,"username":"rpidgeley15","date":"10/06/2022","amount":1531,"paymentS":false,"orderS":true,"riderA":true},
{"id":43,"username":"keliff16","date":"10/09/2022","amount":1274,"paymentS":true,"orderS":false,"riderA":true},
{"id":44,"username":"gbartusek17","date":"24/11/2022","amount":1629,"paymentS":false,"orderS":true,"riderA":true},
{"id":45,"username":"dteasell18","date":"24/07/2022","amount":1740,"paymentS":true,"orderS":false,"riderA":true},
{"id":46,"username":"ckolakowski19","date":"24/07/2022","amount":1812,"paymentS":true,"orderS":true,"riderA":true},
{"id":47,"username":"kkohtler1a","date":"06/08/2022","amount":1741,"paymentS":false,"orderS":true,"riderA":false},
{"id":48,"username":"vprawle1b","date":"15/03/2022","amount":1564,"paymentS":false,"orderS":false,"riderA":false},
{"id":49,"username":"tswinley1c","date":"20/05/2022","amount":1438,"paymentS":false,"orderS":true,"riderA":false},
{"id":50,"username":"tbarbe1d","date":"25/01/2023","amount":1238,"paymentS":false,"orderS":false,"riderA":true},
{"id":51,"username":"battew1e","date":"29/05/2022","amount":1674,"paymentS":true,"orderS":true,"riderA":false},
{"id":52,"username":"djoontjes1f","date":"31/08/2022","amount":1991,"paymentS":false,"orderS":true,"riderA":false},
{"id":53,"username":"dwildblood1g","date":"21/08/2022","amount":1646,"paymentS":true,"orderS":false,"riderA":true},
{"id":54,"username":"makaster1h","date":"26/01/2023","amount":1483,"paymentS":false,"orderS":true,"riderA":false},
{"id":55,"username":"smaclleese1i","date":"02/12/2022","amount":1788,"paymentS":false,"orderS":true,"riderA":true},
{"id":56,"username":"cgatland1j","date":"30/11/2022","amount":1142,"paymentS":false,"orderS":true,"riderA":true},
{"id":57,"username":"emarshal1k","date":"30/10/2022","amount":1127,"paymentS":true,"orderS":false,"riderA":true},
{"id":58,"username":"mqueen1l","date":"06/04/2022","amount":1467,"paymentS":false,"orderS":false,"riderA":true},
{"id":59,"username":"dgregorio1m","date":"04/06/2022","amount":1360,"paymentS":true,"orderS":true,"riderA":false},
{"id":60,"username":"rhurdidge1n","date":"09/04/2022","amount":1303,"paymentS":true,"orderS":false,"riderA":false},
{"id":61,"username":"sdelasci1o","date":"10/11/2022","amount":1541,"paymentS":true,"orderS":true,"riderA":false},
{"id":62,"username":"sramalhete1p","date":"23/10/2022","amount":1233,"paymentS":true,"orderS":false,"riderA":false},
{"id":63,"username":"mdomenici1q","date":"30/10/2022","amount":1530,"paymentS":false,"orderS":false,"riderA":false},
{"id":64,"username":"lsiaskowski1r","date":"11/05/2022","amount":1347,"paymentS":false,"orderS":false,"riderA":true},
{"id":65,"username":"nstaniford1s","date":"20/10/2022","amount":1709,"paymentS":true,"orderS":false,"riderA":false},
{"id":66,"username":"mworpole1t","date":"03/01/2023","amount":1438,"paymentS":true,"orderS":false,"riderA":true},
{"id":67,"username":"scosgrive1u","date":"01/11/2022","amount":1591,"paymentS":true,"orderS":false,"riderA":true},
{"id":68,"username":"dspinney1v","date":"22/01/2023","amount":1657,"paymentS":false,"orderS":true,"riderA":false},
{"id":69,"username":"dbole1w","date":"31/03/2022","amount":1078,"paymentS":false,"orderS":true,"riderA":true},
{"id":70,"username":"wvasiliev1x","date":"24/02/2022","amount":1008,"paymentS":false,"orderS":false,"riderA":false},
{"id":71,"username":"forteu1y","date":"05/10/2022","amount":1530,"paymentS":false,"orderS":true,"riderA":true},
{"id":72,"username":"mitter1z","date":"17/02/2023","amount":1119,"paymentS":false,"orderS":false,"riderA":true},
{"id":73,"username":"ctallach20","date":"15/05/2022","amount":1070,"paymentS":true,"orderS":true,"riderA":true},
{"id":74,"username":"cpetigrew21","date":"06/08/2022","amount":1783,"paymentS":false,"orderS":true,"riderA":true},
{"id":75,"username":"lripping22","date":"01/02/2023","amount":1572,"paymentS":true,"orderS":true,"riderA":true},
{"id":76,"username":"bnassie23","date":"11/11/2022","amount":1684,"paymentS":true,"orderS":true,"riderA":false},
{"id":77,"username":"ehardesty24","date":"29/05/2022","amount":1095,"paymentS":true,"orderS":true,"riderA":true},
{"id":78,"username":"njermy25","date":"06/01/2023","amount":1152,"paymentS":true,"orderS":true,"riderA":false},
{"id":79,"username":"jvowden26","date":"21/12/2022","amount":1683,"paymentS":true,"orderS":false,"riderA":false},
{"id":80,"username":"kyearns27","date":"08/08/2022","amount":1546,"paymentS":false,"orderS":true,"riderA":false},
{"id":81,"username":"mchatterton28","date":"19/12/2022","amount":1606,"paymentS":false,"orderS":true,"riderA":true},
{"id":82,"username":"fwohlers29","date":"30/09/2022","amount":1071,"paymentS":true,"orderS":true,"riderA":false},
{"id":83,"username":"parsey2a","date":"04/05/2022","amount":1985,"paymentS":true,"orderS":false,"riderA":true},
{"id":84,"username":"aspackman2b","date":"09/05/2022","amount":1146,"paymentS":false,"orderS":false,"riderA":false},
{"id":85,"username":"bharper2c","date":"20/12/2022","amount":1159,"paymentS":false,"orderS":true,"riderA":true},
{"id":86,"username":"wcusick2d","date":"11/11/2022","amount":1387,"paymentS":false,"orderS":false,"riderA":false},
{"id":87,"username":"arevie2e","date":"15/06/2022","amount":1496,"paymentS":false,"orderS":true,"riderA":false},
{"id":88,"username":"jcordy2f","date":"10/04/2022","amount":1160,"paymentS":false,"orderS":true,"riderA":false},
{"id":89,"username":"hjovicic2g","date":"26/04/2022","amount":1102,"paymentS":true,"orderS":false,"riderA":true},
{"id":90,"username":"sfritchley2h","date":"04/08/2022","amount":1790,"paymentS":true,"orderS":true,"riderA":true},
{"id":91,"username":"bsaunderson2i","date":"10/03/2022","amount":1615,"paymentS":true,"orderS":false,"riderA":false},
{"id":92,"username":"rgammell2j","date":"19/02/2023","amount":1508,"paymentS":true,"orderS":false,"riderA":true},
{"id":93,"username":"apatty2k","date":"30/05/2022","amount":1521,"paymentS":true,"orderS":false,"riderA":false},
{"id":94,"username":"vlavrinov2l","date":"19/08/2022","amount":1599,"paymentS":true,"orderS":true,"riderA":false},
{"id":95,"username":"bantonacci2m","date":"10/06/2022","amount":1277,"paymentS":false,"orderS":true,"riderA":true},
{"id":96,"username":"wcrawshaw2n","date":"09/08/2022","amount":1779,"paymentS":false,"orderS":true,"riderA":false},
{"id":97,"username":"csomerfield2o","date":"24/07/2022","amount":1552,"paymentS":false,"orderS":false,"riderA":false},
{"id":98,"username":"acheesworth2p","date":"02/03/2022","amount":1718,"paymentS":false,"orderS":true,"riderA":true},
{"id":99,"username":"imarder2q","date":"02/08/2022","amount":1005,"paymentS":true,"orderS":false,"riderA":false},
{"id":100,"username":"cholworth2r","date":"14/10/2022","amount":1086,"paymentS":true,"orderS":false,"riderA":false}]