{
  "dataO": [
    {
      "id": "1",
      "username": "msamyak",
      "date": "2012-04-23T18:25:43.511Z",
      "amount": "12311",
      "payments": "Unpaid",
      "orders": "Pending",
      "ridera": "Unassigned"
    },
    {
      "id": "2",
      "username": "aryan",
      "date": "2020-11-20T12:05:45",
      "amount": "1233",
      "payments": "Unpaid",
      "orders": "Completed",
      "ridera": "Assigned"
    },
    {
      "id": "3",
      "username": "potato",
      "date": "2021-11-20T12:05:45",
      "amount": "3345",
      "payments": "Paid",
      "orders": "Completed",
      "ridera": "Assigned"
    },
    {
      "id": "4",
      "username": "shirshak",
      "date": "2021-11-20T12:05:45",
      "amount": "3657",
      "payments": "Paid",
      "orders": "InProgress",
      "ridera": "Unassigned"
    },
    {
      "id": "5",
      "username": "rohit",
      "date": "2021-11-20T12:05:45",
      "amount": "8688",
      "payments": "Refunded",
      "orders": "InProgress",
      "ridera": "Assigned"
    },
    {
      "id": "6",
      "username": "prabin",
      "date": "2021-11-20T12:05:45",
      "amount": "5677",
      "payments": "Paid",
      "orders": "Cancelled",
      "ridera": "Assigned"
    },
    {
      "id": "7",
      "username": "mausam",
      "date": "2021-11-20T12:05:45",
      "amount": "442",
      "payments": "Unpaid",
      "orders": "Completed",
      "ridera": "Assigned"
    },
    {
      "id": "8",
      "username": "sahas",
      "date": "2021-11-20T12:05:45",
      "amount": "12332",
      "payments": "Unpaid",
      "orders": "Completed",
      "ridera": "Assigned"
    },
    {
      "id": "9",
      "username": "rojan",
      "date": "2021-11-20T12:05:45",
      "amount": "534",
      "payments": "Paid",
      "orders": "Completed",
      "ridera": "Assigned"
    },
    {
      "id": "10",
      "username": "sunam",
      "date": "2021-11-20T12:05:45",
      "amount": "4223",
      "payments": "Unpaid",
      "orders": "Cancelled",
      "ridera": "Assigned"
    },
    {
      "id": "11",
      "username": "soyang",
      "date": "2021-11-20T12:05:45",
      "amount": "3114",
      "payments": "Unpaid",
      "orders": "BeingDelivered",
      "ridera": "Assigned"
    }
  ]
}
