[{"id":1,"name":"Bo O'Grogane","contact":"0554755734","address":"184 Chive Plaza","email":"bogrogane0@constantcontact.com"},
{"id":2,"name":"Elena Simmank","contact":"4796691340","address":"5644 Ruskin Street","email":"esimmank1@tamu.edu"},
{"id":3,"name":"Olav Lorraway","contact":"8535985999","address":"2720 Hayes Avenue","email":"olorraway2@businessweek.com"},
{"id":4,"name":"Madelina Bibb","contact":"4388323934","address":"3104 Division Avenue","email":"mbibb3@friendfeed.com"},
{"id":5,"name":"Wood Maillard","contact":"3689807735","address":"84 Knutson Hill","email":"wmaillard4@fotki.com"},
{"id":6,"name":"Dusty Kmiec","contact":"4550844299","address":"124 Old Shore Place","email":"dkmiec5@fotki.com"},
{"id":7,"name":"Irwin Biddle","contact":"6106805148","address":"14563 Lillian Way","email":"ibiddle6@reference.com"},
{"id":8,"name":"Sherman Hacquel","contact":"5558506083","address":"82026 Karstens Hill","email":"shacquel7@independent.co.uk"},
{"id":9,"name":"Ricardo Rubroe","contact":"4111910564","address":"80848 Kinsman Trail","email":"rrubroe8@telegraph.co.uk"},
{"id":10,"name":"Barney Farrer","contact":"2933893355","address":"52 Mitchell Plaza","email":"bfarrer9@columbia.edu"}]